Keyword,Volume,Difficulty,Intent,Opportunity Score,Cluster
image translator,33100,49,Informational,NaN,Specialized Translators
translation tools online,368000,94,Informational,NaN,General Online Translators
online translation tools,368000,72,Informational,NaN,General Online Translators
french to english translation,90500,43,Transactional,NaN,Specific Language Translation
real time translator,5400,60,Informational,NaN,Real-Time Translation Tools
online translator,49500,100,Informational,NaN,General Online Translators
google translate app,246000,64,Commercial,NaN,General Online Translators
free translation,49500,100,Commercial,NaN,General Online Translators
audio translator,22200,49,Informational,NaN,Audio and Video Translators
old english translator,27100,17,Informational,NaN,Specialized Translators
translation earbuds real time,390,17,Commercial,NaN,Real-Time Translation Tools
english to chinese translator,60500,27,Transactional,NaN,
live translation,22200,89,Informational,NaN,Real-Time Translation Tools
real time translation,5400,49,Informational,NaN,Real-Time Translation Tools
english to telugu translation,22200,28,Transactional,NaN,Specific Language Translation
chinese to english translation,27100,13,Transactional,NaN,Specific Language Translation
real time translation app,2400,49,Commercial,NaN,Real-Time Translation Tools
morse translator online,60500,22,Informational,NaN,Morse Code Translators
morse code translator online,60500,23,Informational,NaN,Morse Code Translators
online morse code translator,60500,21,Informational,NaN,Morse Code Translators
video translator,14800,50,Informational,NaN,Audio and Video Translators
morse code online translator,60500,23,Informational,NaN,Morse Code Translators
english to vietnamese translation,27100,32,Transactional,NaN,Specific Language Translation
translating earbuds,49500,12,Commercial,NaN,Real-Time Translation Tools
english to spanish translation google,74000,79,Transactional,NaN,Specific Language Translation
korean to english translation,27100,54,Transactional,NaN,Specific Language Translation
duxbury braille translator,74000,0,Informational,NaN,Text and Document Translators
english to chinese translation with voice,720,0,Commercial,NaN,Specific Language Translation
deepl translation tool,74000,60,Commercial,NaN,Specialized Translators
real time audio translation,260,45,Informational,NaN,Real-Time Translation Tools
google translate english to spanish translation,90500,66,Transactional,NaN,Specific Language Translation
english to arabic translation,27100,37,Transactional,NaN,Specific Language Translation
english to croatian translation,1900,0,Transactional,NaN,Specific Language Translation
real time translator for meetings,70,39,Commercial,NaN,Real-Time Translation Tools
arabic to english translation,14800,20,Transactional,NaN,Specific Language Translation
airpods live translation,8100,28,Commercial,NaN,Real-Time Translation Tools
french translation to english,22200,54,Transactional,NaN,Specific Language Translation
google translator online,14800,100,Commercial,NaN,General Online Translators
online doc translator,1300,55,Commercial,NaN,Text and Document Translators
document translator,5400,52,Commercial,NaN,Text and Document Translators
word translator,12100,100,Informational,NaN,Text and Document Translators
screen translator,1900,52,Informational,NaN,Text and Document Translators
quillbot ai translator,18100,68,Commercial,NaN,General Online Translators
quillbot online translator,22200,66,Commercial,NaN,General Online Translators
quillbot's online translator,22200,33,Commercial,NaN,General Online Translators
doc translator,5400,48,Commercial,NaN,Text and Document Translators
live translation app,4400,52,Commercial,NaN,Real-Time Translation Tools
real-time translation app free,320,45,Commercial,NaN,Real-Time Translation Tools
live audio translation,1000,41,Informational,NaN,Real-Time Translation Tools
online english to spanish translation,33100,70,Transactional,NaN,Specific Language Translation
ai audio translator,390,9,Commercial,NaN,
best real time translator,320,41,Commercial,NaN,
real time language translator,480,59,Informational,NaN,
best translator,3600,54,Commercial,NaN,
real time translator extension,30,53,Commercial,NaN,
vietnamese translation,14800,37,Transactional,NaN,
real-time translator for meetings free,30,50,Commercial,NaN,
english to amharic translation,9900,0,Transactional,NaN,
translate app,33100,74,Commercial,NaN,
live translation airpods,8100,25,Commercial,NaN,
where does translation occur,22200,13,Informational,NaN,
binary translator online,18100,25,Informational,NaN,
online binary translator,18100,28,Informational,NaN,
spanish to english translation google,27100,51,Transactional,NaN,
medieval translator,4400,0,Informational,NaN,
airpods real time translation,480,26,Commercial,NaN,
text translator,9900,100,Informational,NaN,
polish to english translation,14800,26,Transactional,NaN,
linkedin translator,3600,13,Commercial,NaN,
bing translator online,10,0,Commercial,NaN,
real-time ai translator,140,45,Commercial,NaN,
video translator free,1300,51,Commercial,NaN,
ai translator free,590,91,Commercial,NaN,
real time screen translator pc,50,37,Commercial,NaN,
best translator app,8100,25,Commercial,NaN,
real time translator device,480,7,Commercial,NaN,
free online translator,1000,90,Commercial,NaN,
simlish translator,2400,0,Informational,NaN,
gaster translator,1600,0,Informational,NaN,
leet speak translator,2900,10,Informational,NaN,
english to polish translation,14800,6,Transactional,NaN,
real time translator app android,30,51,Commercial,NaN,
to english translation,3600,100,Transactional,NaN,
google real time translation,390,78,Informational,NaN,
document translator free,1300,33,Commercial,NaN,
real time voice translator app,210,42,Commercial,NaN,
real-time voice translator app,210,51,Commercial,NaN,
google translate audio,5400,58,Commercial,NaN,
audio translator free,720,49,Commercial,NaN,
translation app free,6600,72,Commercial,NaN,
manga translator extension,590,17,Commercial,NaN,
translate ai,2900,100,Commercial,NaN,
translation services,14800,52,Commercial,NaN,
real time translator android,70,64,Commercial,NaN,
apple real time translation,210,35,Commercial,NaN,
voice translator app,2400,51,Commercial,NaN,
real time voice translation free,30,56,Commercial,NaN,
real-time voice translation free,30,58,Commercial,NaN,
free translation app,6600,72,Commercial,NaN,
google meet real time translation,170,44,Commercial,NaN,
which shows only a vertical translation,60500,0,Informational,NaN,
quillbot english to tagalog translation,33100,28,Commercial,NaN,
greek to english translation,12100,0,Informational,NaN,
telugu to english translation,8100,12,Informational,NaN,
machine translation,1900,50,Informational,NaN,
english chinese translation,6600,29,Informational,NaN,
a la carte translation,27100,16,Informational,NaN,
à la carte translation,27100,7,Informational,NaN,
vietnamese to english translation,14800,16,Informational,NaN,
where does translation take place,22200,19,Informational,NaN,
where does translation happen,22200,15,Informational,NaN,
polish translation,8100,29,Informational,NaN,
polish english translation,14800,32,Informational,NaN,
certified translation,5400,51,Commercial,NaN,
french to english translation google,6600,62,Commercial,NaN,
translation somali to english,5400,0,Informational,NaN,
translation vs transcription,4400,3,Informational,NaN,
english to creole translation,14800,1,Informational,NaN,
english to english translation,5400,99,Informational,NaN,
in situ translation,18100,0,Informational,NaN,
english to spanish sentence translation,14800,44,Informational,NaN,
certified translation services,4400,28,Commercial,NaN,
english to greek translation google,1900,55,Commercial,NaN,
the new english translation,14800,25,Informational,NaN,
translation software,880,48,Commercial,NaN,
amharic to english translation,2400,0,Informational,NaN,
bright novels translation,480,0,Informational,NaN,
language translation speaking,12100,92,Informational,NaN,
translation diagram,2900,31,Informational,NaN,
transcription translation,1900,41,Informational,NaN,
what is translation,8100,31,Informational,NaN,
translation hub,90,4,Informational,NaN,
translation steps,3600,6,Informational,NaN,
swahili to english translation,2900,0,Informational,NaN,
translation amharic to english,4400,31,Informational,NaN,
spanish translation tool,9900,13,Commercial,NaN,
document translation services,3600,14,Commercial,NaN,
twitter voicemail translation,9900,4,Informational,NaN,
google translate french translation,9900,76,Commercial,NaN,
translation agency,2400,55,Commercial,NaN,
english to irish translation,3600,0,Informational,NaN,
irish to english translation,3600,25,Informational,NaN,
english to spanish translation text,1600,45,Informational,NaN,
english to albanian translation,5400,0,Informational,NaN,
google cloud translation api,880,19,Commercial,NaN,
english to italian translation google,1900,80,Commercial,NaN,
farsi to english translation,3600,0,Informational,NaN,
creole to english translation,6600,0,Informational,NaN,
spanish translation services,1300,8,Commercial,NaN,
online translation services,4400,53,Commercial,NaN,
english to czech translation,2900,0,Informational,NaN,
translation studies bibliography,10,0,Informational,10,
steps of translation,3600,9,Informational,NaN,
english to hmong translation,2400,0,Informational,NaN,
english to vietnamese translation google,2400,49,Commercial,NaN,
professional translation services,3600,54,Commercial,NaN,
vietnamese translation to english,3600,29,Informational,NaN,
salud translation,1300,0,Informational,NaN,
english translation services,170,100,Commercial,NaN,
quillbot translation tool,6600,53,Commercial,NaN,
english to haitian creole translation,4400,4,Informational,NaN,
free spanish to english translation,5400,65,Transactional,NaN,
english to swahili translation,1300,0,Informational,NaN,
somali translation,2900,0,Informational,NaN,
live translation extension,140,25,Commercial,NaN,
free translation google,1900,88,Transactional,NaN,
steps in translation,3600,9,Informational,NaN,
cloud based accounting software,368000,38,Commercial,NaN,
knowledge base software,301000,32,Commercial,NaN,
project management software,90500,51,Commercial,NaN,
accounting software,22200,65,Commercial,NaN,
property management software,22200,75,Commercial,NaN,
productivity software,18100,36,Commercial,NaN,
id software,6600,24,Commercial,NaN,
free accounting software,4400,35,Transactional,NaN,
zendesk knowledge base software,74000,33,Commercial,NaN,
invoicing software,49500,56,Commercial,NaN,
free project management software,3600,45,Transactional,NaN,
sap software,8100,22,Commercial,NaN,
turbotax software,27100,64,Commercial,NaN,
r software,2900,51,Commercial,NaN,
budgeting software,27100,78,Commercial,NaN,
small business accounting software,27100,54,Commercial,NaN,
bookkeeping software,8100,61,Commercial,NaN,
scheduling software,5400,49,Commercial,NaN,
free bookkeeping software,2400,50,Transactional,NaN,
tableau software,3600,28,Commercial,NaN,
virtual globe software,33100,63,Commercial,NaN,
plm software,9900,36,Commercial,NaN,
word processing software,12100,42,Commercial,NaN,
xero accounting software,12100,25,Commercial,NaN,
time tracking software,18100,59,Commercial,NaN,
macro software,720,48,Commercial,NaN,
sage software,4400,17,Commercial,NaN,
fleet management software,12100,27,Commercial,NaN,
wave accounting software,9900,42,Commercial,NaN,
online protractor,3600,30,Commercial,NaN,
asana project management software,27100,58,Commercial,NaN,
asset management software,3600,35,Commercial,NaN,
task management software,18100,52,Commercial,NaN,
online accounting software,6600,76,Commercial,NaN,
progress software,2900,59,Commercial,NaN,
revenue management software,480,14,Commercial,NaN,
field service software,18100,35,Commercial,NaN,
best project management software,4400,33,Informational,NaN,
client management software,720,14,Commercial,NaN,
emeet software,390,0,Commercial,NaN,
fusion 360 online,3600,20,Navigational,NaN,
sage accounting software,3600,41,Commercial,NaN,
fleet maintenance software,1900,42,Commercial,NaN,
alegra software contable,50,22,Commercial,NaN,
rpa software,12100,41,Commercial,NaN,
presentation software,6600,44,Commercial,NaN,
forecast software,480,18,Commercial,NaN,
saas software,2400,52,Informational,NaN,
business invoice software,14800,58,Commercial,NaN,
mind mapping software,4400,55,Commercial,NaN,
cms software,1300,33,Commercial,NaN,
office software,6600,59,Commercial,NaN,
document management software,6600,36,Commercial,NaN,
centric software,1600,22,Commercial,NaN,
business accounting software,8100,54,Commercial,NaN,
desktop publishing software,9900,14,Commercial,NaN,
contract management software,4400,34,Commercial,NaN,
msp software,1300,0,Commercial,NaN,
software publisher,320,8,Informational,NaN,
church management software,8100,71,Commercial,NaN,
spreadsheet software,4400,51,Commercial,NaN,
asana software,1600,28,Commercial,NaN,
legal firm management software,90,70,Commercial,NaN,
fusion software,1600,38,Navigational,NaN,
gantt chart software,5400,27,Commercial,NaN,
legal case management software,2400,42,Commercial,NaN,
tms software,1600,3,Commercial,NaN,
hr block software,1300,0,Commercial,NaN,
bill software,210,41,Commercial,NaN,
online word processor,1300,51,Commercial,NaN,
inventory software,1900,41,Commercial,NaN,
free budgeting software,1300,58,Informational,NaN,
legal software,880,19,Commercial,NaN,
documentation software,480,13,Commercial,NaN,
business process automation software,1600,30,Commercial,NaN,
compliance reporting software,210,10,Commercial,NaN,
compliance management software,880,8,Commercial,NaN,
clm software,5400,29,Commercial,NaN,
best budgeting software,1600,57,Informational,NaN,
legal practice management software,9900,26,Commercial,NaN,
best accounting software,1600,50,Informational,NaN,
macrium software,260,21,Commercial,NaN,
fea software,2900,18,Commercial,NaN,
personal accounting software,1900,42,Commercial,NaN,
jmp statistical software,1000,12,Commercial,NaN,
volunteer management software,4400,57,Commercial,NaN,
clio legal software,1900,26,Commercial,NaN,
cch tax software,720,15,Commercial,NaN,
tally software,390,27,Commercial,NaN,
membership management software,880,30,Commercial,NaN,
atx tax software,720,3,Commercial,NaN,
sigma software,880,45,Commercial,NaN,
synergy software,590,38,Commercial,NaN,
note taking software,1600,61,Commercial,NaN,
open source accounting software,590,56,Informational,NaN,
collaboration software,1600,38,Commercial,NaN,
workflow software,2400,21,Commercial,NaN,
intuit tax software,2400,66,Commercial,NaN,
proposal software,880,50,Commercial,NaN,
hrblock software,2400,4,Commercial,NaN,
mac conference,14800,38,Navigational,NaN,
power platform conference,720,7,Navigational,NaN,
future proof conference,1600,19,Navigational,NaN,
offshore technology conference,590,19,Navigational,NaN,
ada conference,590,31,Navigational,NaN,
cio conference,170,35,Navigational,NaN,
supercomputing conference,590,34,Navigational,NaN,
dsi conference,320,28,Navigational,NaN,
conference technologies inc,880,13,Navigational,NaN,
siggraph conference,140,56,Navigational,NaN,
acec conference,140,15,Navigational,NaN,
asm conference,390,15,Navigational,NaN,
dbt conference,260,3,Navigational,NaN,
precision conference,480,22,Navigational,NaN,
mmea conference,170,6,Navigational,NaN,
apls conference,140,1,Navigational,NaN,
google io conference,390,64,Navigational,NaN,
georgia tech conference,1300,33,Navigational,NaN,
csun assistive technology conference,0,5,Navigational,0,
edm conference,70,25,Navigational,NaN,
hci conference,170,23,Navigational,NaN,
scms conference,140,13,Navigational,NaN,
martech conference,140,35,Navigational,NaN,
virginia tech conference,880,0,Navigational,NaN,
iacp technology conference,320,6,Navigational,NaN,
cuny it conference,90,0,Navigational,NaN,
acm international conference on multimedia,50,27,Navigational,NaN,
platform engineering conference,40,10,Navigational,NaN,
cobol conference,10,0,Navigational,NaN,
hitec conference,390,14,Navigational,NaN,
aee conference,140,53,Navigational,NaN,
kubernetes conference,140,44,Navigational,NaN,
conference ranking computer science,320,22,Informational,NaN,
vlsi conference,90,9,Informational,NaN,
vc platform conference,10,0,Informational,NaN,
sap conference,260,37,Informational,NaN,
llvm conference,40,11,Informational,NaN,
dmec conference,50,0,Informational,NaN,
lta conference,30,1,Informational,NaN,
solution tree plc conference,170,0,Informational,NaN,
international conference on intelligent computing,30,0,Informational,NaN,
precision conference system,170,8,Informational,NaN,
ets conference,210,12,Informational,NaN,
additive manufacturing conference,140,32,Informational,NaN,
semiconductor conference,170,66,Informational,NaN,
ibm conference,170,21,Informational,NaN,
mlsys conference,170,18,Informational,NaN,
nti conference,320,0,Informational,NaN,
tech forward conference,70,0,Informational,NaN,
aws reinvent conference,320,40,Informational,NaN,
digital summit conference,30,27,Informational,NaN,
oracle conference,320,26,Informational,NaN,
aapp conference,50,4,Informational,NaN,
joint engineers conference,0,0,Informational,0,
g2e conference,260,14,Informational,NaN,
qsim conference,40,0,Informational,NaN,
gartner iam conference,170,14,Informational,NaN,
digital experience conference,1000,61,Informational,NaN,
wpvga conference,10,0,Informational,10,
actem conference,30,13,Informational,NaN,
ieee conference on decision and control,50,9,Informational,NaN,
smart cities conference,110,53,Informational,NaN,
govtech conference,210,9,Informational,NaN,
software engineering conference deadlines,20,0,Informational,NaN,
macadmins conference,110,2,Informational,NaN,
analyzer tech conference,30,0,Informational,NaN,
software architecture conference,30,28,Informational,NaN,
chi conference on human factors in computing systems,70,39,Informational,NaN,
asi innovations conference,10,0,Informational,10,
ea conference,90,33,Informational,NaN,
digital conference,90,59,Informational,NaN,
aem conference,70,15,Informational,NaN,
ict conference,50,19,Informational,NaN,
sim conference,50,17,Informational,NaN,
gtm conference,50,29,Informational,NaN,
asms conference,210,17,Informational,NaN,
computer science conference ranking,320,21,Informational,NaN,
ssda conference,50,0,Informational,NaN,
business of software conference,30,13,Informational,NaN,
enercom conference,30,9,Informational,NaN,
ccte conference,40,0,Informational,NaN,
next gen conference,390,54,Informational,NaN,
citrix conference,20,0,Informational,NaN,
suny technology conference,110,0,Informational,NaN,
acii conference,20,0,Informational,NaN,
gpts conference,20,0,Informational,NaN,
mteea conference,10,0,Informational,NaN,
cybernetics conference,10,0,Informational,NaN,
msi conference,10,0,Informational,NaN,
dx3 conference,10,0,Informational,NaN,
aptatech conference,10,0,Informational,NaN,
ktech conference,10,0,Informational,NaN,
itls conference,10,0,Informational,NaN,
mit conference,210,22,Informational,NaN,
sxsw tech conference,70,76,Informational,NaN,
hbs tech conference,50,0,Informational,NaN,
european conference on computer systems,10,53,Informational,NaN,
acm international conference on supercomputing,30,62,Informational,NaN,
api conference houston,20,0,Informational,NaN,
silicon slopes conference,30,0,Informational,NaN,
wordpress multilingual plugin,210,91,Commercial,NaN,
what is multilingual,590,16,Informational,NaN,
multilingual translation,140,86,Informational,NaN,
wordpress multilingual,110,52,Commercial,NaN,
squarespace multilingual,50,7,Commercial,NaN,
open multilingual wordnet,20,4,Informational,NaN,
livestream,40500,89,Navigational,NaN,
multilingual mmlu,20,7,Informational,NaN,
multilingual crack,10,0,Transactional,NaN,
multilingual quotes,260,0,Informational,NaN,
multilingual amazon reviews corpus,10,0,Informational,NaN,
multilingual guy,10,0,Informational,NaN,
multilingual translation services,90,32,Commercial,NaN,
multilingual support,110,15,Commercial,NaN,
multilingual synonyms,320,1,Informational,NaN,
pali: a jointly-scaled multilingual language-image model,20,6,Informational,NaN,
multilingual media,20,47,Informational,NaN,
multilingual interpreter,40,17,Commercial,NaN,
welcome multilingual,20,0,Informational,NaN,
drupal multilingual,20,2,Commercial,NaN,
hubspot multilingual,10,0,Commercial,NaN,
multilingual feature in app,0,0,Commercial,0,
thank you multilingual,30,0,Informational,NaN,
multilingual communication meaning,10,0,Informational,NaN,
multilingual services,170,10,Commercial,NaN,
multilingual signage meaning,10,0,Informational,NaN,
beyond english-centric multilingual machine translation,10,13,Informational,NaN,
drupal multilingual module,10,0,Commercial,NaN,
multilingual press pro,10,0,Commercial,20,
expressionengine multilingual,10,0,Commercial,20,
multilingual bert paper,10,44,Informational,0.22,
loco translate multilingual,0,0,Commercial,0,
multilingual named entity recognition,10,0,Informational,NaN,
multilingual dictionary,110,18,Informational,NaN,
multilingual interpreters and translators reviews,10,0,Informational,NaN,
multilingual universal sentence encoder for semantic retrieval,10,0,Informational,NaN,
multilingual images,50,0,Informational,NaN,
multilingual icon,50,0,Informational,NaN,
multilingual communication,50,3,Informational,NaN,
benefit of being multilingual,110,17,Informational,NaN,
multilingual image,50,0,Informational,NaN,
multilingual word wall,50,0,Informational,NaN,
multilingual toolkit,20,50,Informational,NaN,
multilingual word walls,50,0,Informational,NaN,
reddit multilingual parenting,50,0,Informational,NaN,
multilingual content,30,14,Informational,NaN,
multilingual writing,30,0,Informational,NaN,
multilingual glossaries,30,6,Informational,NaN,
what does multilingual,40,14,Informational,NaN,
multilingual interpreting services,20,21,Commercial,NaN,
multilingual support services,20,16,Commercial,NaN,
multilingual text,20,0,Informational,NaN,
multilingual poems,20,0,Informational,NaN,
multilingual texts,20,0,Informational,NaN,
multilingual application,20,15,Informational,NaN,
webflow multilingual,20,8,Commercial,NaN,
multilingual apps,20,40,Commercial,NaN,
multilingual app,20,18,Commercial,NaN,
multilingual meme,20,0,Informational,NaN,
multilingual interpreting,20,16,Commercial,NaN,
multilingual welcome,20,0,Informational,NaN,
multilingual captioning,0,0,Commercial,0,
what's multilingual,20,55,Informational,NaN,
multilingual translation company,30,45,Commercial,NaN,
online multilingual dictionary,10,38,Informational,NaN,
multilingual site translation,30,100,Commercial,NaN,
multilingual website translation,30,100,Commercial,NaN,
wpml wordpress multilingual plugin,30,33,Commercial,NaN,
multilingual interpretation services,20,28,Commercial,NaN,
multilingual language model,20,8,Informational,NaN,
multilingual matters publishing,20,0,Commercial,NaN,
multilingual help desk,20,2,Commercial,NaN,
multilingual twitter,10,49,Informational,NaN,
multilingual editor,10,0,Commercial,20,
multilingual user,10,0,Informational,NaN,
multilingual edition,10,0,Informational,10,
multilingual reporter,10,0,Informational,NaN,
weebly multilingual,10,43,Commercial,0.45,
yoast multilingual,10,47,Commercial,0.42,
multilingual tokenizer,10,0,Informational,NaN,
multilingual context,10,49,Informational,NaN,
multilingual siri,10,0,Informational,NaN,
bbpress multilingual,10,0,Commercial,20,
multilingual documents,10,0,Informational,NaN,
multilingual copywriting,10,0,Commercial,NaN,
framer multilingual,10,0,Commercial,20,
multilingual react,10,0,Commercial,20,
multilingual profiler,10,0,Informational,10,
twitter multilingual,10,49,Informational,NaN,
multilingual mashup,10,0,Informational,10,
multilingual subtitling,10,0,Commercial,NaN,
buddyboss multilingual,10,0,Commercial,20,
surveymonkey multilingual,10,22,Commercial,NaN,
multilingual turn,10,0,Informational,NaN,
angular multilingual,10,0,Commercial,20,
react multilingual,10,0,Commercial,20,
multilingual slogan,10,0,Informational,10,
multilingual seal,10,0,Informational,NaN,
multilingual reddit,10,0,Informational,NaN,
multilingual nmt,10,0,Informational,NaN,
google translate,45500000,100,Transactional,NaN,
translate,45500000,100,Transactional,NaN,
google translate english to spanish,7480000,61,Transactional,NaN,
translate to english,1830000,86,Transactional,NaN,
translate google,1220000,100,Transactional,NaN,
thé translate,0,0,Transactional,0,
french to english,1220000,48,Transactional,NaN,
google translate spanish to english,3350000,67,Transactional,NaN,
english to french,1000000,50,Transactional,NaN,
bing translate,40500,41,Transactional,NaN,
german to english,673000,37,Transactional,NaN,
english to chinese,550000,22,Transactional,NaN,
english to urdu,135000,20,Transactional,NaN,
english to german,550000,50,Transactional,NaN,
deepl translate,1220000,62,Transactional,NaN,
translate english to urdu,49500,25,Transactional,NaN,
english to russian,550000,34,Transactional,NaN,
translate french to english,201000,41,Transactional,NaN,
translate english to french,368000,38,Transactional,NaN,
russian to english,368000,53,Transactional,NaN,
google translate english,450000,79,Transactional,NaN,
google translate english to french,450000,91,Transactional,NaN,
translate english to hindi,90500,43,Transactional,NaN,
google translate english to chinese,246000,52,Transactional,NaN,
translate english to chinese,135000,42,Transactional,NaN,
italian to english,368000,15,Transactional,NaN,
english to arabic,301000,33,Transactional,NaN,
english to italian,368000,27,Transactional,NaN,
portuguese to english,368000,14,Transactional,NaN,
latin to english,201000,20,Transactional,NaN,
english to latin,165000,31,Transactional,NaN,
translate german to english,110000,33,Transactional,NaN,
yandex translate,27100,52,Transactional,NaN,
english to portuguese,301000,15,Transactional,NaN,
english to vietnamese,246000,23,Transactional,NaN,
google translate english to japanese,201000,66,Informational,NaN,
translate english to japanese,90500,43,Transactional,NaN,
translate english to russian,110000,45,Transactional,NaN,
google translate english to hindi,246000,76,Informational,NaN,
google translate french to english,301000,71,Informational,NaN,
google translate english to urdu,49500,100,Informational,NaN,
translate english to tamil,33100,28,Transactional,NaN,
english to urdu translation,18100,29,Transactional,NaN,
translate arabic to english,33100,25,Transactional,NaN,
translate japanese to english,74000,28,Transactional,NaN,
translate english to arabic,60500,48,Transactional,NaN,
deepl translator spanish to english,823000,33,Commercial,NaN,
translate chinese to english,49500,11,Transactional,NaN,
translate english to korean,60500,57,Transactional,NaN,
translate italian to english,90500,15,Transactional,NaN,
translate english,27100,96,Informational,NaN,
translate image,27100,42,Informational,NaN,
english to french translation,110000,59,Transactional,NaN,
german to english translation,60500,22,Transactional,NaN,
vietnamese to english,90500,33,Transactional,NaN,
translate english to myanmar,22200,41,Transactional,NaN,
google translate german to english,135000,77,Informational,NaN,
english to spanish google translate,40500,83,Informational,NaN,
translate english to bangla,14800,33,Transactional,NaN,
lost in translation,110000,37,Informational,NaN,
translate in english,74000,99,Informational,NaN,
english to hindi translation,49500,31,Transactional,NaN,
google translate japanese to english,135000,60,Informational,NaN,
translate english to vietnamese,90500,18,Transactional,NaN,
translate english to tagalog,33100,39,Transactional,NaN,
google translate english to russian,110000,100,Informational,NaN,
translate english to german,60500,48,Transactional,NaN,
translate russian to english,49500,42,Transactional,NaN,
google translate chinese to english,110000,79,Informational,NaN,
english to polish,110000,17,Transactional,NaN,
google translate italian to english,135000,62,Informational,NaN,
translate portuguese to english,49500,11,Transactional,NaN,
polish to english,90500,20,Transactional,NaN,
google translate extension,5400,55,Commercial,NaN,
english to mandarin,74000,23,Transactional,NaN,
dutch to english,49500,18,Transactional,NaN,
translate english to portuguese,60500,28,Transactional,NaN,
french translation,110000,63,Informational,NaN,
google translate english to tamil,60500,69,Informational,NaN,
translate korean to english,33100,35,Transactional,NaN,
google translate english to arabic,74000,100,Informational,NaN,
translate english to italian,74000,26,Transactional,NaN,
google translate english to korean,90500,100,Informational,NaN,
translate extension,2400,43,Commercial,NaN,
google translate to english,18100,60,Informational,NaN,
english to german translation,49500,51,Transactional,NaN,
google translate image,33100,53,Informational,NaN,
translate vietnamese to english,33100,27,Transactional,NaN,
google translate french,33100,84,Informational,NaN,
detect language to english,22200,100,Informational,NaN,
english to japanese translation,49500,28,Transactional,NaN,
google translate english to vietnamese,90500,79,Informational,NaN,
spanish to english google translate,27100,55,Informational,NaN,
translate english to uzbek,4400,22,Transactional,NaN,
google translate arabic to english,110000,48,Informational,NaN,
translate tagalog to english,33100,17,Transactional,NaN,
translate english to marathi,14800,32,Transactional,NaN,
zoom,3350000,100,Navigational,NaN,
zoom test,27100,17,Informational,NaN,
zoom link,12100,65,Navigational,NaN,
zoom pricing,6600,19,Commercial,NaN,
zoom online,4400,100,Navigational,NaN,
zoom for mac,6600,53,Informational,NaN,
install zoom,4400,69,Transactional,NaN,
zoom room,18100,51,Navigational,NaN,
pitt zoom,1000,0,Navigational,NaN,
zoom h6,5400,1,Informational,NaN,
washu zoom,1300,2,Navigational,NaN,
zoom tracking,720,21,Informational,NaN,
zoom background images,6600,20,Informational,NaN,
cuny zoom,5400,0,Navigational,NaN,
ut zoom,5400,16,Navigational,NaN,
uf zoom,6600,5,Navigational,NaN,
zoom settings,3600,22,Informational,NaN,
test zoom,5400,14,Informational,NaN,
iu zoom,9900,6,Navigational,NaN,
zoom care,12100,39,Commercial,NaN,
zoom recorder,5400,9,Commercial,NaN,
zoom flash,14800,5,Informational,NaN,
zoom icon,2900,7,Informational,NaN,
csun zoom,3600,2,Navigational,NaN,
zoom h1n,2900,1,Informational,NaN,
zoom h5,2900,9,Informational,NaN,
penn zoom,1900,6,Navigational,NaN,
ub zoom,2400,0,Navigational,NaN,
zoom h4n,3600,13,Informational,NaN,
how to zoom out,6600,4,Informational,NaN,
google zoom,3600,65,Navigational,NaN,
zoom software,390,100,Commercial,NaN,
zoom pro,3600,49,Commercial,NaN,
zoom support,2900,32,Informational,NaN,
zoom ai,1900,40,Commercial,NaN,
zoom api,1600,40,Commercial,NaN,
zoom in,6600,23,Informational,NaN,
zoom status,2400,19,Informational,NaN,
zoom whitening,8100,3,Commercial,NaN,
zoom jhu,880,9,Navigational,NaN,
zoom mod minecraft,1300,1,Informational,NaN,
uga zoom,3600,3,Navigational,NaN,
zoom diallo,8100,7,Navigational,NaN,
gmu zoom,2900,0,Navigational,NaN,
update zoom,1300,23,Informational,NaN,
zoom for windows,880,44,Commercial,NaN,
zoom drain,12100,2,Informational,NaN,
zoom flume,14800,10,Informational,NaN,
wi zoom,590,3,Navigational,NaN,
zoom envios,880,3,Commercial,NaN,
zoom out,3600,11,Informational,NaN,
uky zoom,2900,10,Navigational,NaN,
zoom desktop,1600,68,Commercial,NaN,
zoom lighting,1300,7,Commercial,NaN,
zoom car,1300,34,Commercial,NaN,
fiu zoom,0,0,Navigational,0,
zoom platform,1000,51,Informational,NaN,
zoom h1,1600,12,Informational,NaN,
zoom video,3600,52,Informational,NaN,
zoom lens,4400,21,Commercial,NaN,
umich zoom,2900,6,Navigational,NaN,
zoom camera,2400,27,Commercial,NaN,
utk zoom,2400,5,Navigational,NaN,
zoom for chromebook,1600,16,Commercial,NaN,
zoom cost,1900,37,Transactional,NaN,
umn zoom,1300,0,Navigational,NaN,
zoom chrome extension,1900,25,Commercial,NaN,
zoom breakout rooms,2900,18,Informational,NaN,
background for zoom,3600,20,Informational,NaN,
zoom podtrak p4,1600,10,Commercial,NaN,
zoom camera test,1000,16,Informational,NaN,
zoom free,1900,100,Transactional,NaN,
mcps zoom,1600,0,Navigational,NaN,
zoom extension,720,47,Commercial,NaN,
zoom code,2900,65,Informational,NaN,
zoom the flash,5400,4,Informational,NaN,
zoom remote control,880,0,Commercial,NaN,
background zoom,590,27,Informational,NaN,
zoom premium,720,26,Transactional,NaN,
zoom clips,1000,7,Informational,NaN,
logical zoom,320,0,Informational,NaN,
free zoom,1900,100,Transactional,NaN,
uva zoom,1900,0,Navigational,NaN,
wustl zoom,1600,12,Navigational,NaN,
zoom profile,1000,40,Informational,NaN,
zoom camera not working,1600,1,Informational,NaN,
minecraft zoom mod,1300,0,Informational,NaN,
zoom id,1900,65,Informational,NaN,
zoom for pc,260,62,Commercial,NaN,
zoom dc,4400,3,Navigational,NaN,
how to use zoom,5400,29,Informational,NaN,
zoom h2n,1000,0,Commercial,NaN,
zoom for government,2400,10,Commercial,NaN,
baruch zoom,480,3,Navigational,NaN,
zoom bombing,1300,20,Informational,NaN,
zoom zoom,3600,38,Informational,NaN,
bmcc zoom,720,6,Navigational,NaN,
zoom alternatives,1300,13,Informational,NaN,
just zoom mod,170,0,Informational,NaN,
uw zoom,3600,20,Navigational,NaN,
t-mobile real-time translation,1900,12,Commercial,NaN,
ai rewriter,49500,25,Commercial,NaN,
ai writing detector,27100,78,Commercial,NaN,
ai image generator,823000,71,Commercial,NaN,
ai summarizer,27100,40,Commercial,NaN,
rewrite ai,22200,36,Commercial,NaN,
text to speech ai,12100,55,Commercial,NaN,
ai text to speech,14800,42,Commercial,NaN,
ai reader,14800,90,Commercial,NaN,
ai plagiarism checker,14800,69,Commercial,NaN,
ai to human text,6600,69,Commercial,NaN,
ai translator,18100,80,Commercial,NaN,
text to video ai,9900,49,Commercial,NaN,
scribe ai,9900,25,Commercial,NaN,
ai rephraser,9900,51,Commercial,NaN,
ai character generator,18100,29,Commercial,NaN,
ai editor,18100,46,Commercial,NaN,
ai writing checker,8100,74,Commercial,NaN,
deepseek ai,74000,74,Commercial,NaN,
poly ai,1000000,34,Commercial,NaN,
text to image ai,6600,61,Commercial,NaN,
ai writing tools,60500,26,Commercial,NaN,
google bard ai,2900,74,Commercial,NaN,
paperclip ai,4400,36,Commercial,NaN,
hyperwrite ai,3600,19,Commercial,NaN,
writing ai,6600,31,Commercial,NaN,
ai rewrite,14800,25,Commercial,NaN,
ai rewriter free,5400,35,Commercial,NaN,
turboscribe ai,2900,16,Commercial,NaN,
detect ai writing,2900,78,Informational,NaN,
screenwriting software,12100,66,Commercial,NaN,
ai and plagiarism checker,4400,69,Commercial,NaN,
script writing software,5400,66,Commercial,NaN,
ai image generator from text,9900,90,Commercial,NaN,
ai language model,49500,54,Informational,NaN,
ai writer free,5400,25,Commercial,NaN,
ai paraphrasing tool,1900,53,Commercial,NaN,
summarizer ai,2900,30,Commercial,NaN,
tldr ai,2400,59,Commercial,NaN,
google document ai,2900,7,Informational,NaN,
word ai,1000,36,Commercial,NaN,
ai content checker,1300,82,Commercial,NaN,
storyboard ai,1900,45,Commercial,NaN,
ai proofreader,2900,30,Commercial,NaN,
ai text to voice,1900,74,Commercial,NaN,
natural write ai,3600,38,Commercial,NaN,
youtube video summarizer ai,880,21,Commercial,NaN,
free ai image generator,135000,89,Transactional,NaN,
ai text to speech free,1900,73,Transactional,NaN,
ai remover from text,1300,68,Commercial,NaN,
ai text to image,2400,90,Commercial,NaN,
ai text to video,1900,49,Commercial,NaN,
ai letter generator,6600,7,Commercial,NaN,
ai generated text detector,1900,81,Commercial,NaN,
ai image editor,135000,53,Commercial,NaN,
free ai image generator from text,2900,90,Transactional,NaN,
ai powered code editors,33100,40,Commercial,NaN,
grammarly ai detection,2900,27,Informational,NaN,
text to video ai generator,2400,58,Commercial,NaN,
ai code editor,4400,38,Commercial,NaN,
ai photo generator,201000,72,Commercial,NaN,
paperbleach ai,1900,7,Commercial,NaN,
flow ai,40500,38,Commercial,NaN,
ai picture generator,135000,72,Commercial,NaN,
microsoft ai,165000,95,Informational,NaN,
ai comic generator,2400,9,Commercial,NaN,
humanize ai text for free,320,68,Transactional,NaN,
free ai transcription,720,55,Transactional,NaN,
free ai video generator,74000,61,Transactional,NaN,
ai image generator free,110000,58,Transactional,NaN,
typeset ai,590,23,Commercial,NaN,
ai detector writing,1900,78,Commercial,NaN,
compose ai,480,16,Commercial,NaN,
ai text to image generator,1900,58,Commercial,NaN,
ai plagiarism checker free,1600,69,Transactional,NaN,
grammar checker ai,4400,64,Commercial,NaN,
ai rewriting,14800,25,Commercial,NaN,
ai checker pdf,480,57,Commercial,NaN,
free text to image ai,880,89,Transactional,NaN,
ai image detector,49500,49,Commercial,NaN,
free ai,110000,79,Transactional,NaN,
speech to text ai,720,49,Commercial,NaN,
script ai,1000,18,Commercial,NaN,
pixverse ai,74000,9,Commercial,NaN,
grammarly ai checker free,1900,83,Transactional,NaN,
real write ai,2900,38,Commercial,NaN,
notion ai,27100,88,Informational,NaN,
textguard ai,1900,0,Commercial,NaN,
free text to video ai generator,1000,42,Transactional,NaN,
typecast ai,880,0,Commercial,NaN,
text to image ai generator,2400,89,Commercial,NaN,
free ai reader,880,55,Transactional,NaN,
detect ai generated text,720,78,Commercial,NaN,
youtube transcript ai,480,28,Informational,NaN,
make ai text human,590,68,Commercial,NaN,
google ai studio text to speech,1300,35,Commercial,NaN,
safe write ai,880,29,Commercial,NaN,
image generator ai,60500,46,Commercial,NaN,
ai script writer,1300,19,Commercial,NaN,
typeface ai,880,21,Commercial,NaN,
ai code writer,720,23,Commercial,NaN,
translation process,2400,31,Informational,NaN,
