Keyword,Volume,KD,CPC,Intent,Buyer Persona,Relevance,Revenue Score,Competition,Cluster,Source
on demand interpretation services,1900,1,46.16,Commercial,Conference Organizer,10,54815,0.2,Conference and Event Interpretation,V2-API
on-demand interpretation services,1900,1,46.16,Commercial,Conference Organizer,10,54815,0.2,Conference and Event Interpretation,V2-API
online translation tools,368000,72,7.9,Commercial,General User,4,38762.67,0.2,General Translation and Tools,V2-API
translation tools online,368000,94,7.9,Commercial,General User,4,29971.13,0.2,General Translation and Tools,V2-API
closed captioning,14800,24,13.04,Informational,Livestreamer,7,5003.5,0.2,Live Captioning and Subtitles,V2-API
interpreter vs translator,4400,0,5.92,Informational,General User,5,4341.33,0.2,General Translation and Tools,V2-API
simultaneous interpretation services,260,10,75.07,Commercial,Conference Organizer,10,3753.5,0.2,Conference and Event Interpretation,V2-API
conference interpretation services,90,2,103.42,Commercial,Conference Organizer,8,3723.12,0.2,Conference and Event Interpretation,V2-API
interpreter,60500,73,5.19,Informational,Conference Organizer,8,3305.21,0.2,,V2-API
simultaneous interpretation service,260,14,75.07,Commercial,Conference Organizer,10,2870.32,0.2,Conference and Event Interpretation,V2-API
translation and interpretation,1600,0,4.79,Informational,General User,10,2554.67,0.2,General Translation and Tools,V2-API
on-demand interpretation,140,0,20.61,Commercial,Conference Organizer,10,2404.5,0.2,Conference and Event Interpretation,V2-API
live translation airpods,8100,25,5.22,Commercial,Livestreamer,6,2265.11,0.2,Real-Time Translation Solutions,V2-API
zoom webinar,8100,56,8.44,Commercial,Conference Organizer,8,2205.29,0.5,Webinar Solutions,V2-API
ai translator,18100,80,3.84,Commercial,General User,9,1818.42,0.5,AI Translation Technology,V2-API
what is a webinar,5400,26,12.48,Informational,General User,7,1626.7,0.2,Webinar Solutions,V2-API
airpods live translation,8100,28,3.71,Commercial,Livestreamer,6,1454.08,0.2,Real-Time Translation Solutions,V2-API
on-site interpretation services,170,3,19.47,Commercial,Conference Organizer,10,1379.13,0.2,Conference and Event Interpretation,V2-API
speech to text api,1000,34,33.13,Commercial,General User,6,1343.11,0.2,General Translation and Tools,V2-API
interpretation and translation services,480,42,44.64,Commercial,General User,10,1190.4,0.2,General Translation and Tools,V2-API
real time translation,5400,49,5.57,Commercial,Livestreamer,9,1166.82,0.8,Real-Time Translation Solutions,V2-API
google meet webinar,390,24,45.2,Commercial,Conference Organizer,7,1142.56,0.2,Webinar Solutions,V2-API
webinar example,170,0,38.4,Informational,General User,5,1088,0.2,Webinar Solutions,V2-API
live translation app,4400,52,6.78,Commercial,Livestreamer,8,1028.69,0.5,Real-Time Translation Solutions,V2-API
ai translation tool,1600,53,19.81,Commercial,General User,7,990.5,0.2,AI Translation Technology,V2-API
translator vs interpreter,1300,0,4.05,Informational,General User,5,877.5,0.2,General Translation and Tools,V2-API
real time translation app,2400,49,7.06,Commercial,General User,10,770.18,0.5,Real-Time Translation Solutions,V2-API
google meet live translation,480,4,8.49,Commercial,Livestreamer,5,727.71,0.2,Webinar Solutions,V2-API
zoom webinar platform,1600,57,14.07,Commercial,General User,7,656.6,0.2,Webinar Solutions,V2-API
closed captioning service,480,19,16.62,Commercial,Livestreamer,6,543.93,0.2,Live Captioning and Subtitles,V2-API
record webinar,320,6,25.84,Informational,General User,5,459.38,0.2,Webinar Solutions,V2-API
iphone live translation,2400,35,6.19,Commercial,Livestreamer,5,452.93,0.5,Real-Time Translation Solutions,V2-API
real time translator,5400,60,5.57,Informational,General User,10,435.91,0.8,Real-Time Translation Solutions,V2-API
on site interpretation services,170,16,19.47,Commercial,Conference Organizer,10,435.51,0.2,Conference and Event Interpretation,V2-API
webinar tools,140,37,217.69,Informational,General User,6,425.25,0.5,Webinar Solutions,V2-API
ai powered translation,2400,64,5.41,Commercial,Enterprise Buyer,8,387.58,0.2,AI Translation Technology,V2-API
interpretation vs translation,480,0,3.3,Informational,General User,7,369.6,0.2,General Translation and Tools,V2-API
simultaneous translation services,50,12,43.5,Commercial,Conference Organizer,10,362.5,0.2,Conference and Event Interpretation,V2-API
ai video translator,2400,42,4.04,Commercial,General User,7,353.5,0.5,AI Translation Technology,V2-API
best live translation app,720,24,5.92,Commercial,Livestreamer,9,319.68,0.5,,V2-API
translation and interpretation network,210,10,26.39,Informational,General User,7,298.41,0.2,General Translation and Tools,V2-API
youtube video translator,1900,41,3.42,Commercial,General User,8,295.36,0.2,Live Captioning and Subtitles,V2-API
language translation speaking,12100,92,3.61,Informational,General User,6,275.88,0.2,,V2-API
live video call,5400,61,2.12,Commercial,Livestreamer,6,268.31,0.2,Webinar Solutions,V2-API
zoom ai translation,70,0,4.94,Commercial,Livestreamer,9,259.35,0.2,Webinar Solutions,V2-API
live audio translation,1000,41,4.87,Commercial,Livestreamer,10,259.04,0.5,Real-Time Translation Solutions,V2-API
zoom webinar pricing,880,31,6.96,Commercial,Conference Organizer,6,248.3,0.5,Webinar Solutions,V2-API
how to record a webinar,210,1,8.99,Informational,General User,5,235.99,0.2,,V2-API
ai translation services,320,73,23.82,Commercial,Enterprise Buyer,9,225.66,0.2,,V2-API
youtube live translation,110,3,5.99,Commercial,Livestreamer,8,219.63,0.2,,V2-API
airpods real time translation,480,26,6.55,Commercial,General User,8,216.83,0.2,,V2-API
how to set up a zoom meeting,5400,24,2.13,Informational,Livestreamer,5,213,0.2,,V2-API
ai translation software,170,73,39.27,Commercial,Enterprise Buyer,8,175.68,0.2,,V2-API
ai translation app,880,40,7.15,Commercial,General User,5,170.98,0.5,,V2-API
language translation devices,1600,15,2,Commercial,General User,5,166.67,0.8,,V2-API
ai language translator,1000,76,7.06,Commercial,General User,8,166.12,0.8,,V2-API
speech translator,1600,81,4.49,Commercial,General User,8,165.15,0.5,,V2-API
ai powered language translation,880,70,5.53,Commercial,Enterprise Buyer,9,149.99,0.2,,V2-API
ai-powered language translation,880,70,5.53,Commercial,Enterprise Buyer,9,149.99,0.2,,V2-API
live translation apple,590,40,8.06,Commercial,Livestreamer,5,138.24,0.2,,V2-API
best ai translator,720,11,7.58,Informational,General User,5,136.44,0.8,,V2-API
apple live translation languages,720,25,3.96,Commercial,Livestreamer,5,127.29,0.2,,V2-API
translation earbuds real time,390,17,3.41,Commercial,General User,9,115.09,0.8,,V2-API
ai voice translator,880,37,4.02,Commercial,Livestreamer,5,96.13,0.8,,V2-API
live translation extension,140,25,9.52,Commercial,Livestreamer,8,95.2,0.2,,V2-API
ai speech to text,720,54,5.17,Commercial,General User,6,93.06,0.5,,V2-API
free ai translation tool,20,0,10.88,Transactional,General User,8,87.04,0.5,,V2-API
meta ai translation,390,24,5.76,Commercial,Enterprise Buyer,4,83.2,0.2,,V2-API
what is the difference between translation and interpretation,720,0,0.54,Informational,General User,6,77.76,0.2,,V2-API
set up zoom meeting,1000,25,4.14,Informational,Livestreamer,5,73.93,0.2,,V2-API
masters in translation and interpretation,170,11,11.97,Informational,General User,5,72.67,0.2,,V2-API
zoom webinar plus,390,12,2.38,Commercial,General User,4,61.88,0.2,,V2-API
live closed captioning,210,42,5.32,Commercial,Livestreamer,9,52.37,0.5,,V2-API
webinar meeting,170,63,32.49,Informational,General User,6,50.21,0.2,,V2-API
types of interpretation services,30,0,10.02,Informational,General User,5,50.1,0.2,,V2-API
ai real time translation,170,55,7.87,Commercial,Livestreamer,9,49.35,0.5,,V2-API
virtual interpretation services,30,24,15.51,Commercial,Livestreamer,10,43.08,0.2,,V2-API
ai subtitle translator,210,29,5.21,Commercial,Livestreamer,5,42.74,0.2,,V2-API
ai subtitles,590,60,3.63,Commercial,Livestreamer,5,40.56,0.5,,V2-API
how to set up zoom meeting,1600,22,1.23,Informational,Livestreamer,5,39.36,0.2,,V2-API
simultaneous translation app,140,35,5.74,Commercial,Livestreamer,8,39.2,0.5,,V2-API
live subtitles,210,15,3.75,Informational,Livestreamer,8,35,0.2,,V2-API
real time language translator,480,59,4.9,Informational,General User,10,34.59,0.8,,V2-API
what is the difference between interpretation and translation,720,4,0.54,Informational,General User,6,33.33,0.2,,V2-API
translation ai tool,70,69,17.57,Commercial,General User,8,32.8,0.5,,V2-API
online interpretation services,70,42,8.12,Commercial,Conference Organizer,10,31.58,0.2,,V2-API
zoom webinar cost,170,18,4.13,Commercial,General User,4,29.25,0.5,,V2-API
language line interpretation services,20,0,7.82,Commercial,Enterprise Buyer,4,26.07,0.5,,V2-API
free interpretation services,110,22,6.56,Commercial,Conference Organizer,4,25.77,0.5,,V2-API
real time audio translation,260,45,4.96,Informational,General User,10,25.29,0.5,,V2-API
create zoom webinar,40,19,26.89,Informational,General User,5,24.45,0.2,,V2-API
simultaneous interpreting app,40,29,9.96,Commercial,Livestreamer,9,23.59,0.8,,V2-API
speech to speech ai,210,87,3.68,Commercial,General User,10,20.77,0.5,,V2-API
free closed captioning,70,21,7.6,Commercial,Livestreamer,4,19.7,0.5,,V2-API
webinar conference software,30,31,9.71,Commercial,Conference Organizer,9,19.28,0.2,,V2-API
how to set up a webinar in zoom,90,22,10.4,Informational,General User,5,18.72,0.2,,V2-API
best ai translation tools,90,48,16.57,Informational,General User,6,16.57,0.5,,V2-API
subtitle ai,170,60,4.68,Commercial,Livestreamer,5,15.07,0.5,,V2-API
translation and interpretation agencies,40,16,7.12,Commercial,Enterprise Buyer,4,14.99,0.2,,V2-API
translate with ai,110,82,5.85,Commercial,General User,8,14.63,0.5,,V2-API
live event captioning,10,13,12.89,Commercial,Conference Organizer,8,13.57,0.5,,V2-API
ai translation for videos,40,49,6.46,Commercial,Livestreamer,9,10.57,0.5,,V2-API
conference webinar software,30,77,9.71,Commercial,Conference Organizer,9,8.19,0.2,,V2-API
best translation ai tools,10,48,47.89,Informational,General User,9,7.98,0.5,,V2-API
google real time translation,390,78,3.4,Informational,General User,5,7.89,0.5,,V2-API
how to run a webinar,20,49,39.91,Informational,General User,5,7.67,0.2,,V2-API
ai generated subtitles,90,50,4.62,Commercial,Livestreamer,4,7.42,0.5,,V2-API
language interpretation companies,40,51,9.33,Commercial,Enterprise Buyer,4,6.55,0.5,,V2-API
translation and interpretation companies,40,46,7.12,Commercial,Enterprise Buyer,4,5.81,0.2,,V2-API
subtitle translator ai,30,22,3.78,Commercial,Livestreamer,4,4.05,0.5,,V2-API
best ai tool for translation,40,69,8.7,Informational,General User,8,3.71,0.5,,V2-API
ai to human translator,50,63,2.67,Commercial,General User,7,3.39,0.5,,V2-API
closed captioning systems,20,29,0.55,Commercial,Enterprise Buyer,4,0.34,0.2,,V2-API
deepl translation tool,74000,60,0,Commercial,,0,0,0,Specialized Translators,V1
livestream,40500,89,0,Informational,Livestreamer,8,0,0.5,Multilingual Streaming Solutions,V2-CSV
audio translator,22200,49,0,Informational,General User,7,0,0.5,Real-Time Translation Technology,V2-CSV
live translation,22200,89,0,Informational,General User,10,0,0.5,Real-Time Translation Technology,V2-CSV
video translator,14800,50,0,Commercial,General User,5,0,0.5,Real-Time Translation Technology,V2-CSV
translation services,14800,52,0,Commercial,,0,0,0,,V1
spanish translation tool,9900,13,0,Commercial,,0,0,0,,V1
church management software,8100,71,0,Commercial,Church Admin,9,0,0.5,Church Translation Solutions,V2-CSV
translation app free,6600,72,0,Commercial,,0,0,0,,V1
free translation app,6600,72,0,Commercial,,0,0,0,,V1
certified translation services,4400,28,0,Commercial,,0,0,0,,V1
online translation services,4400,53,0,Commercial,,0,0,0,,V1
document translation services,3600,14,0,Commercial,,0,0,0,,V1
professional translation services,3600,54,0,Commercial,,0,0,0,,V1
ai powered translation platforms,3600,69,0,Commercial,Enterprise Buyer,8,0,0.2,,V2-API
neural machine translation service,3600,21,0,Commercial,Enterprise Buyer,8,0,0.2,,V2-API
voice translator app,2400,51,0,Commercial,General User,5,0,0.5,Real-Time Translation Technology,V2-CSV
translation process,2400,31,0,Informational,General User,8,0,0.5,Multilingual Content and Application Support,V2-CSV
t-mobile real-time translation,1900,12,0,Commercial,,0,0,0,,V1
future proof conference,1600,19,0,Navigational,,0,0,0,,V1
video translator free,1300,51,0,Transactional,General User,5,0,0.5,Real-Time Translation Technology,V2-CSV
spanish translation services,1300,8,0,Commercial,,0,0,0,,V1
georgia tech conference,1300,33,0,Navigational,,0,0,0,,V1
digital experience conference,1000,61,0,Informational,Conference Organizer,4,0,0.5,Conference and Event Interpretation,V2-CSV
zoom webinar vs meeting,1000,6,0,Informational,Livestreamer,5,0,0.2,,V2-API
translation software,880,48,0,Commercial,,0,0,0,,V1
google cloud translation api,880,19,0,Commercial,,0,0,0,,V1
conference technologies inc,880,13,0,Navigational,,0,0,0,,V1
virginia tech conference,880,0,0,Navigational,,0,0,0,,V1
audio translator free,720,49,0,Commercial,,0,0,0,,V1
power platform conference,720,7,0,Navigational,,0,0,0,,V1
speech to text ai,720,49,0,Commercial,,0,0,0,,V1
ai translator free,590,91,0,Commercial,,0,0,0,,V1
offshore technology conference,590,19,0,Navigational,,0,0,0,,V1
what is multilingual,590,16,0,Informational,General User,5,0,0.5,Multilingual Content and Application Support,V2-CSV
real time translator device,480,7,0,Commercial,General User,10,0,0.5,Real-Time Translation Technology,V2-CSV
precision conference,480,22,0,Navigational,,0,0,0,,V1
ai audio translator,390,9,0,Commercial,General User,7,0,0.5,,V2-CSV
google io conference,390,64,0,Navigational,,0,0,0,,V1
next gen conference,390,54,0,Informational,,0,0,0,,V1
real-time translation app free,320,45,0,Transactional,General User,8,0,0.5,Real-Time Translation Technology,V2-CSV
best real time translator,320,41,0,Commercial,General User,10,0,0.5,Real-Time Translation Technology,V2-CSV
iacp technology conference,320,6,0,Navigational,,0,0,0,,V1
conference ranking computer science,320,22,0,Informational,,0,0,0,,V1
nti conference,320,0,0,Informational,,0,0,0,,V1
aws reinvent conference,320,40,0,Informational,,0,0,0,,V1
oracle conference,320,26,0,Informational,,0,0,0,,V1
computer science conference ranking,320,21,0,Informational,,0,0,0,,V1
multilingual synonyms,320,1,0,Informational,,0,0,0,,V1
dbt conference,260,3,0,Navigational,,0,0,0,,V1
sap conference,260,37,0,Informational,,0,0,0,,V1
g2e conference,260,14,0,Informational,,0,0,0,,V1
multilingual quotes,260,0,0,Informational,,0,0,0,,V1
real time voice translator app,210,42,0,Commercial,General User,7,0,0.5,Real-Time Translation Technology,V2-CSV
real-time voice translator app,210,51,0,Commercial,General User,7,0,0.5,Real-Time Translation Technology,V2-CSV
apple real time translation,210,35,0,Commercial,General User,4,0,0.5,Real-Time Translation Technology,V2-CSV
ets conference,210,12,0,Informational,,0,0,0,,V1
govtech conference,210,9,0,Informational,,0,0,0,,V1
asms conference,210,17,0,Informational,,0,0,0,,V1
mit conference,210,22,0,Informational,,0,0,0,,V1
wordpress multilingual plugin,210,91,0,Commercial,General User,6,0,0.5,Multilingual Content and Application Support,V2-CSV
google meet real time translation,170,44,0,Informational,Livestreamer,5,0,0.5,Real-Time Translation Technology,V2-CSV
english translation services,170,100,0,Commercial,,0,0,0,,V1
cio conference,170,35,0,Navigational,,0,0,0,,V1
mmea conference,170,6,0,Navigational,,0,0,0,,V1
hci conference,170,23,0,Navigational,,0,0,0,,V1
solution tree plc conference,170,0,0,Informational,,0,0,0,,V1
precision conference system,170,8,0,Informational,,0,0,0,,V1
semiconductor conference,170,66,0,Informational,,0,0,0,,V1
ibm conference,170,21,0,Informational,,0,0,0,,V1
mlsys conference,170,18,0,Informational,,0,0,0,,V1
gartner iam conference,170,14,0,Informational,,0,0,0,,V1
multilingual services,170,10,0,Commercial,General User,8,0,0.5,Multilingual Content and Application Support,V2-CSV
webinar invite,170,0,0,Informational,General User,4,0,0.2,,V2-API
real-time ai translator,140,45,0,Commercial,General User,9,0,0.5,Real-Time Translation Technology,V2-CSV
acec conference,140,15,0,Navigational,,0,0,0,,V1
apls conference,140,1,0,Navigational,,0,0,0,,V1
scms conference,140,13,0,Navigational,,0,0,0,,V1
martech conference,140,35,0,Navigational,,0,0,0,,V1
aee conference,140,53,0,Navigational,,0,0,0,,V1
additive manufacturing conference,140,32,0,Informational,,0,0,0,,V1
multilingual translation,140,86,0,Informational,General User,9,0,0.5,Multilingual Content and Application Support,V2-CSV
how to set up a zoom webinar,140,11,0,Informational,General User,5,0,0.2,,V2-API
what is oral interpretation,140,0,0,Informational,General User,5,0,0.2,,V2-API
smart cities conference,110,53,0,Informational,,0,0,0,,V1
macadmins conference,110,2,0,Informational,,0,0,0,,V1
suny technology conference,110,0,0,Informational,,0,0,0,,V1
wordpress multilingual,110,52,0,Informational,General User,6,0,0.5,Multilingual Content and Application Support,V2-CSV
multilingual support,110,15,0,Informational,General User,8,0,0.5,Multilingual Streaming Solutions,V2-CSV
multilingual dictionary,110,18,0,Informational,,0,0,0,,V1
benefit of being multilingual,110,17,0,Informational,,0,0,0,,V1
cuny it conference,90,0,0,Navigational,,0,0,0,,V1
vlsi conference,90,9,0,Informational,,0,0,0,,V1
ea conference,90,33,0,Informational,,0,0,0,,V1
digital conference,90,59,0,Informational,Conference Organizer,5,0,0.5,Conference and Event Interpretation,V2-CSV
multilingual translation services,90,32,0,Transactional,General User,9,0,0.5,Multilingual Content and Application Support,V2-CSV
zoom webinar settings,90,5,0,Informational,General User,4,0,0.2,,V2-API
zoom webinar setup,90,15,0,Informational,General User,5,0,0.2,,V2-API
real time translator for meetings,70,39,0,Commercial,Enterprise Buyer,10,0,0.5,Real-Time Translation Technology,V2-CSV
real time translator android,70,64,0,Commercial,General User,4,0,0.5,Real-Time Translation Technology,V2-CSV
edm conference,70,25,0,Navigational,,0,0,0,,V1
tech forward conference,70,0,0,Informational,,0,0,0,,V1
chi conference on human factors in computing systems,70,39,0,Informational,,0,0,0,,V1
aem conference,70,15,0,Informational,,0,0,0,,V1
sxsw tech conference,70,76,0,Informational,Conference Organizer,4,0,0.5,Conference and Event Interpretation,V2-CSV
how to set up zoom webinar,70,12,0,Informational,General User,5,0,0.2,,V2-API
teams webinar features,70,7,0,Informational,General User,4,0,0.2,,V2-API
consecutive interpretation services,70,0,0,Commercial,Conference Organizer,4,0,0.2,,V2-API
acm international conference on multimedia,50,27,0,Navigational,,0,0,0,,V1
dmec conference,50,0,0,Informational,,0,0,0,,V1
aapp conference,50,4,0,Informational,,0,0,0,,V1
ieee conference on decision and control,50,9,0,Informational,,0,0,0,,V1
ict conference,50,19,0,Informational,,0,0,0,,V1
sim conference,50,17,0,Informational,,0,0,0,,V1
gtm conference,50,29,0,Informational,,0,0,0,,V1
ssda conference,50,0,0,Informational,,0,0,0,,V1
hbs tech conference,50,0,0,Informational,,0,0,0,,V1
squarespace multilingual,50,7,0,Commercial,General User,5,0,0.5,Multilingual Content and Application Support,V2-CSV
multilingual images,50,0,0,Informational,,0,0,0,,V1
multilingual icon,50,0,0,Informational,,0,0,0,,V1
multilingual communication,50,3,0,Informational,General User,6,0,0.5,Multilingual Content and Application Support,V2-CSV
multilingual image,50,0,0,Informational,,0,0,0,,V1
multilingual word wall,50,0,0,Informational,,0,0,0,,V1
multilingual word walls,50,0,0,Informational,,0,0,0,,V1
reddit multilingual parenting,50,0,0,Informational,,0,0,0,,V1
program of oral interpretation,50,0,0,Informational,General User,4,0,0.2,,V2-API
remote simultaneous interpreting platforms,50,1,0,Commercial,Livestreamer,10,0,0.2,,V2-API
interpretation services los angeles,50,8,0,Commercial,Conference Organizer,5,0,0.5,,V2-API
platform engineering conference,40,10,0,Navigational,,0,0,0,,V1
llvm conference,40,11,0,Informational,,0,0,0,,V1
qsim conference,40,0,0,Informational,,0,0,0,,V1
ccte conference,40,0,0,Informational,,0,0,0,,V1
multilingual interpreter,40,17,0,Commercial,General User,9,0,0.5,Multilingual Content and Application Support,V2-CSV
what does multilingual,40,14,0,Informational,,0,0,0,,V1
real time translator extension,30,53,0,Commercial,General User,8,0,0.5,Real-Time Translation Technology,V2-CSV
real-time translator for meetings free,30,50,0,Transactional,Enterprise Buyer,10,0,0.5,Real-Time Translation Technology,V2-CSV
real time translator app android,30,51,0,Commercial,General User,4,0,0.5,Real-Time Translation Technology,V2-CSV
real time voice translation free,30,56,0,Transactional,General User,7,0,0.5,Real-Time Translation Technology,V2-CSV
real-time voice translation free,30,58,0,Transactional,General User,7,0,0.5,Real-Time Translation Technology,V2-CSV
lta conference,30,1,0,Informational,,0,0,0,,V1
international conference on intelligent computing,30,0,0,Informational,,0,0,0,,V1
digital summit conference,30,27,0,Informational,,0,0,0,,V1
actem conference,30,13,0,Informational,,0,0,0,,V1
analyzer tech conference,30,0,0,Informational,,0,0,0,,V1
software architecture conference,30,28,0,Informational,,0,0,0,,V1
business of software conference,30,13,0,Informational,,0,0,0,,V1
enercom conference,30,9,0,Informational,,0,0,0,,V1
silicon slopes conference,30,0,0,Informational,,0,0,0,,V1
thank you multilingual,30,0,0,Informational,,0,0,0,,V1
multilingual content,30,14,0,Informational,General User,5,0,0.5,Multilingual Content and Application Support,V2-CSV
multilingual writing,30,0,0,Informational,,0,0,0,,V1
multilingual glossaries,30,6,0,Informational,,0,0,0,,V1
multilingual translation company,30,45,0,Commercial,General User,7,0,0.5,Multilingual Content and Application Support,V2-CSV
multilingual site translation,30,100,0,Commercial,,0,0,0,,V1
multilingual website translation,30,100,0,Commercial,,0,0,0,,V1
wpml wordpress multilingual plugin,30,33,0,Commercial,,0,0,0,,V1
simultaneous interpreting training,30,0,0,Informational,Conference Organizer,5,0,0.2,,V2-API
interpretation services in new york,30,16,0,Commercial,Conference Organizer,6,0,0.5,,V2-API
software engineering conference deadlines,20,0,0,Informational,,0,0,0,,V1
citrix conference,20,0,0,Informational,,0,0,0,,V1
acii conference,20,0,0,Informational,,0,0,0,,V1
gpts conference,20,0,0,Informational,,0,0,0,,V1
api conference houston,20,0,0,Informational,,0,0,0,,V1
open multilingual wordnet,20,4,0,Informational,,0,0,0,,V1
multilingual mmlu,20,7,0,Informational,,0,0,0,,V1
pali: a jointly-scaled multilingual language-image model,20,6,0,Informational,,0,0,0,,V1
multilingual media,20,47,0,Informational,General User,4,0,0.5,Multilingual Content and Application Support,V2-CSV
welcome multilingual,20,0,0,Informational,,0,0,0,,V1
drupal multilingual,20,2,0,Commercial,General User,6,0,0.5,Multilingual Content and Application Support,V2-CSV
multilingual toolkit,20,50,0,Informational,General User,4,0,0.5,Multilingual Content and Application Support,V2-CSV
multilingual interpreting services,20,21,0,Commercial,General User,9,0,0.5,Multilingual Content and Application Support,V2-CSV
multilingual support services,20,16,0,Commercial,General User,5,0,0.5,Multilingual Content and Application Support,V2-CSV
multilingual text,20,0,0,Informational,,0,0,0,,V1
multilingual poems,20,0,0,Informational,,0,0,0,,V1
multilingual texts,20,0,0,Informational,,0,0,0,,V1
multilingual application,20,15,0,Commercial,General User,4,0,0.5,Multilingual Content and Application Support,V2-CSV
webflow multilingual,20,8,0,Commercial,,0,0,0,,V1
multilingual apps,20,40,0,Commercial,,0,0,0,,V1
multilingual app,20,18,0,Commercial,,0,0,0,,V1
multilingual meme,20,0,0,Informational,,0,0,0,,V1
multilingual interpreting,20,16,0,Commercial,General User,9,0,0.5,Multilingual Content and Application Support,V2-CSV
multilingual welcome,20,0,0,Informational,,0,0,0,,V1
what's multilingual,20,55,0,Informational,,0,0,0,,V1
multilingual interpretation services,20,28,0,Commercial,General User,9,0,0.5,Multilingual Content and Application Support,V2-CSV
multilingual language model,20,8,0,Informational,,0,0,0,,V1
multilingual matters publishing,20,0,0,Commercial,,0,0,0,,V1
multilingual help desk,20,2,0,Commercial,,0,0,0,,V1
closed captioning and subtitles,20,9,0,Informational,Livestreamer,7,0,0.2,,V2-API
teams webinar without registration,20,0,0,Informational,General User,4,0,0.2,,V2-API
teams webinar functionality,20,0,0,Informational,General User,4,0,0.2,,V2-API
simultaneous interpretation booth,20,0,0,Commercial,Conference Organizer,9,0,0.2,,V2-API
simultaneous interpretation equipment rental,20,0,0,Commercial,Conference Organizer,7,0,0.5,,V2-API
simultaneous interpreting equipment rental,20,0,0,Transactional,Conference Organizer,4,0,0.5,,V2-API
cobol conference,10,0,0,Navigational,,0,0,0,,V1
vc platform conference,10,0,0,Informational,,0,0,0,,V1
wpvga conference,10,0,0,Informational,,0,0,0,,V1
asi innovations conference,10,0,0,Informational,,0,0,0,,V1
mteea conference,10,0,0,Informational,,0,0,0,,V1
cybernetics conference,10,0,0,Informational,,0,0,0,,V1
msi conference,10,0,0,Informational,,0,0,0,,V1
dx3 conference,10,0,0,Informational,,0,0,0,,V1
aptatech conference,10,0,0,Informational,,0,0,0,,V1
ktech conference,10,0,0,Informational,,0,0,0,,V1
itls conference,10,0,0,Informational,,0,0,0,,V1
european conference on computer systems,10,53,0,Informational,,0,0,0,,V1
multilingual crack,10,0,0,Transactional,,0,0,0,,V1
multilingual amazon reviews corpus,10,0,0,Informational,,0,0,0,,V1
multilingual guy,10,0,0,Informational,,0,0,0,,V1
hubspot multilingual,10,0,0,Commercial,General User,5,0,0.5,Multilingual Content and Application Support,V2-CSV
multilingual communication meaning,10,0,0,Informational,General User,5,0,0.5,Multilingual Content and Application Support,V2-CSV
multilingual signage meaning,10,0,0,Informational,,0,0,0,,V1
beyond english-centric multilingual machine translation,10,13,0,Informational,General User,5,0,0.5,Multilingual Content and Application Support,V2-CSV
drupal multilingual module,10,0,0,Commercial,General User,6,0,0.5,Multilingual Content and Application Support,V2-CSV
multilingual press pro,10,0,0,Commercial,,0,0,0,,V1
expressionengine multilingual,10,0,0,Commercial,General User,5,0,0.5,Multilingual Content and Application Support,V2-CSV
multilingual bert paper,10,44,0,Informational,,0,0,0,,V1
multilingual named entity recognition,10,0,0,Informational,,0,0,0,,V1
multilingual interpreters and translators reviews,10,0,0,Informational,,0,0,0,,V1
multilingual universal sentence encoder for semantic retrieval,10,0,0,Informational,,0,0,0,,V1
online multilingual dictionary,10,38,0,Informational,,0,0,0,,V1
multilingual twitter,10,49,0,Informational,,0,0,0,,V1
multilingual editor,10,0,0,Commercial,,0,0,0,,V1
multilingual user,10,0,0,Informational,,0,0,0,,V1
multilingual edition,10,0,0,Informational,,0,0,0,,V1
multilingual reporter,10,0,0,Informational,,0,0,0,,V1
weebly multilingual,10,43,0,Commercial,,0,0,0,,V1
yoast multilingual,10,47,0,Commercial,,0,0,0,,V1
multilingual tokenizer,10,0,0,Informational,,0,0,0,,V1
multilingual context,10,49,0,Informational,,0,0,0,,V1
multilingual siri,10,0,0,Informational,,0,0,0,,V1
bbpress multilingual,10,0,0,Commercial,,0,0,0,,V1
multilingual documents,10,0,0,Informational,,0,0,0,,V1
multilingual copywriting,10,0,0,Commercial,,0,0,0,,V1
framer multilingual,10,0,0,Commercial,,0,0,0,,V1
multilingual react,10,0,0,Commercial,,0,0,0,,V1
multilingual profiler,10,0,0,Informational,,0,0,0,,V1
twitter multilingual,10,49,0,Informational,,0,0,0,,V1
multilingual mashup,10,0,0,Informational,,0,0,0,,V1
multilingual subtitling,10,0,0,Commercial,General User,8,0,0.5,Multilingual Content and Application Support,V2-CSV
buddyboss multilingual,10,0,0,Commercial,,0,0,0,,V1
surveymonkey multilingual,10,22,0,Commercial,,0,0,0,,V1
multilingual turn,10,0,0,Informational,,0,0,0,,V1
angular multilingual,10,0,0,Commercial,,0,0,0,,V1
react multilingual,10,0,0,Commercial,,0,0,0,,V1
multilingual slogan,10,0,0,Informational,,0,0,0,,V1
multilingual seal,10,0,0,Informational,,0,0,0,,V1
multilingual reddit,10,0,0,Informational,,0,0,0,,V1
multilingual nmt,10,0,0,Informational,,0,0,0,,V1
subtitles without closed captioning,10,0,0,Informational,General User,5,0,0.2,,V2-API
captioning and subtitling international,10,0,0,Informational,Conference Organizer,6,0,0.5,,V2-API
closed captioning and subtitles difference,10,0,0,Informational,General User,4,0,0.2,,V2-API
to live subtitles,10,15,0,Informational,Livestreamer,6,0,0.2,,V2-API
live caption languages,10,55,0,Informational,Livestreamer,9,0,0.2,,V2-API
how do live subtitles work,10,63,0,Informational,General User,5,0,0.2,,V2-API
how are subtitles made for live tv,10,0,0,Informational,General User,5,0,0.2,,V2-API
live captioning vs closed captioning,10,0,0,Informational,General User,4,0,0.2,,V2-API
closed captioning vs live captioning,10,0,0,Informational,General User,4,0,0.2,,V2-API
whispered interpretation example,10,40,0,Informational,Conference Organizer,5,0,0.5,,V2-API
how to set up zoom as a webinar,10,0,0,Informational,General User,5,0,0.2,,V2-API
simulated live webinar,10,0,0,Informational,General User,6,0,0.5,,V2-API
zoom phone webinar,10,79,0,Commercial,General User,5,0,0.2,,V2-API
record live webinar,10,0,0,Informational,General User,5,0,0.2,,V2-API
simultaneous interpretation translation,10,0,0,Commercial,Conference Organizer,9,0,0.2,,V2-API
best interpretation company,10,0,0,Commercial,Conference Organizer,6,0,0.5,,V2-API
google meet language interpretation,10,0,0,Commercial,Livestreamer,8,0,0.5,,V2-API
how does simultaneous interpretation work,10,0,0,Informational,General User,5,0,0.2,,V2-API
simultaneous interpretation equipment rental singapore,10,0,0,Transactional,Conference Organizer,4,0,0.5,,V2-API
simultaneous translation vs consecutive,10,0,0,Informational,General User,5,0,0.2,,V2-API
consecutive and simultaneous translation,10,0,0,Informational,General User,5,0,0.2,,V2-API
language interpretation software,10,62,0,Commercial,Enterprise Buyer,8,0,0.5,,V2-API
cultural interpretation services,10,0,0,Commercial,General User,4,0,0.2,,V2-API
ai generated subtitles free,10,35,0,Commercial,Livestreamer,4,0,0.5,,V2-API